{
  "name": "lambda-auth",
  "description": "An empty new project",
  "slug": "lambda-auth",
  "privacy": "public",
  "sdkVersion": "14.0.0",
  "version": "1.0.0",
  "orientation": "portrait",
  "primaryColor": "#cccccc",
  "icon": "https://s3.amazonaws.com/exp-brand-assets/ExponentEmptyManifest_192.png",
  "loading": {
    "icon": "https://s3.amazonaws.com/exp-brand-assets/ExponentEmptyManifest_192.png",
    "hideExponentText": false
  },
  "packagerOpts": {
    "assetExts": ["ttf", "mp4"]
  },
  "ios": {
    "supportsTablet": true
  }
}
